{
  "max_train_rows": null,
  "preferred_fold": 7,
  "selection_reason": "7-fold is selected as the best balance between validation performance, stability, and runtime.",
  "results": [
    {
      "fold_count": 5,
      "fold_aucs": [
        0.7259607017518144,
        0.7242820168772737,
        0.725152857752661,
        0.7267482782564978,
        0.7259114989066395
      ],
      "mean_auc": 0.7256110707089773,
      "std_auc": 0.0008345158087305099,
      "oof_auc": 0.7256043968112144,
      "runtime_seconds": 409.45853509999995,
      "preferred_fold": false
    },
    {
      "fold_count": 7,
      "fold_aucs": [
        0.725554247452194,
        0.7257677950124684,
        0.7258695428576613,
        0.7238344865062436,
        0.7259083056120631,
        0.7285705625501515,
        0.725461487726648
      ],
      "mean_auc": 0.7258523468167757,
      "std_auc": 0.0012935370757122709,
      "oof_auc": 0.725844511943356,
      "runtime_seconds": 513.8052120999998,
      "preferred_fold": true
    },
    {
      "fold_count": 10,
      "fold_aucs": [
        0.7256989210291179,
        0.7271457402833745,
        0.7244117324292867,
        0.7245180343669685,
        0.7257095328831269,
        0.7254045526838913,
        0.7246799783516787,
        0.7288678632354274,
        0.7278738197433846,
        0.7247657991395393
      ],
      "mean_auc": 0.7259075974145796,
      "std_auc": 0.001465512897092867,
      "oof_auc": 0.7259047263862826,
      "runtime_seconds": 676.5040812,
      "preferred_fold": false
    }
  ]
}