cutoff,train_size,validation_size,train_positive_rate,validation_positive_rate,auc,cutoff_percent,auc_minus_cv_mean,preferred_cutoff
pct:0.03,29100,900,0.6193470790378007,0.6444444444444445,0.7058943965517241,3.0,0.004450285558535105,False
pct:0.04,28800,1200,0.6195486111111111,0.6333333333333333,0.7167344497607655,4.0,0.015290338767576461,False
pct:0.05,28500,1500,0.6193333333333333,0.6346666666666667,0.7102431300987548,5.0,0.008799019105565797,False
pct:0.10,27000,3000,0.6188518518518519,0.6313333333333333,0.6986944591371629,10.0,-0.0027496518560261585,True
pct:0.15,25500,4500,0.6189019607843137,0.6268888888888889,0.7020978118885859,15.0,0.0006537008953968471,False
pct:0.20,24000,6000,0.6190416666666667,0.6243333333333333,0.7032400369326217,20.0,0.0017959259394326743,False
